<application>
  <component name="FileTypeManager" version="17">
    <ignoreFiles list="*.hprof;*.pyc;*.pyo;*.rbc;*~;.DS_Store;.git;.gitignore;.gradle;.hg;.idea;.svn;CVS;RCS;SCCS;__pycache__;_svn;rcs;vssver.scc;vssver2.scc;" />
    <extensionMap>
      <mapping pattern="SapRestClient" type="JAVA" />
      <mapping pattern=".bowerr" type="PLAIN_TEXT" />
      <mapping pattern="TaskMapper" type="PLAIN_TEXT" />
      <mapping pattern=".ideavimrc" type="PLAIN_TEXT" />
      <mapping pattern="DealerMapper" type="PLAIN_TEXT" />
      <mapping pattern="Control" type="PLAIN_TEXT" />
      <mapping pattern="SearchRequest" type="PLAIN_TEXT" />
      <mapping pattern="a" type="PLAIN_TEXT" />
      <mapping pattern="gradlew" type="PLAIN_TEXT" />
      <mapping pattern="sdf" type="PLAIN_TEXT" />
      <mapping pattern="banner" type="PLAIN_TEXT" />
      <mapping ext="ttc" type="PLAIN_TEXT" />
      <mapping ext="pfx" type="PLAIN_TEXT" />
      <mapping ext="rdb" type="PLAIN_TEXT" />
      <mapping ext="scssc" type="PLAIN_TEXT" />
      <mapping ext="mapper" type="PLAIN_TEXT" />
      <mapping ext="adoc" type="PLAIN_TEXT" />
      <mapping ext="woff" type="PLAIN_TEXT" />
      <mapping ext="db" type="PLAIN_TEXT" />
      <removed_mapping ext="cmd" approved="true" type="PLAIN_TEXT" />
      <removed_mapping ext="bat" approved="true" type="PLAIN_TEXT" />
      <removed_mapping ext="log" approved="true" type="PLAIN_TEXT" />
      <mapping ext="factories" type="spring.factories" />
      <removed_mapping ext="bat" approved="true" type="PLAIN_TEXT" />
      <removed_mapping ext="log" approved="true" type="PLAIN_TEXT" />
      <removed_mapping ext="dockerfile" approved="true" type="textmate" />
      <removed_mapping ext="makefile" approved="true" type="textmate" />
      <removed_mapping ext="cmd" approved="true" type="PLAIN_TEXT" />
      <removed_mapping ext="snakefile" approved="true" type="textmate" />
      <mapping ext="gradle.kts" type="Kotlin" />
      <mapping pattern="*.js.flow" type="Flow" />
      <mapping pattern="sample" type="TML" />
    </extensionMap>
  </component>
</application>