<application>
  <component name="LanguageInjectionConfiguration">
    <injection language="JSON" injector-id="java">
      <display-name>JSONObject.put (com.alibaba.fastjson)</display-name>
      <place><![CDATA[psiParameter().ofMethod(0, psiMethod().withName("put").withParameters("java.lang.String", "java.lang.Object").definedInClass("com.alibaba.fastjson.JSONObject"))]]></place>
    </injection>
    <injection language="JSON" injector-id="java">
      <display-name>Java8StreamTest.bidDecimalTest (com.learn.core)</display-name>
      <place><![CDATA[psiMethod().withName("bidDecimalTest").withParameters().definedInClass("com.learn.core.Java8StreamTest")]]></place>
    </injection>
    <injection language="JSON" injector-id="java">
      <display-name>MockHttpServletRequestBuilder.content (org.springframework.test.web.servlet.request)</display-name>
      <place><![CDATA[psiParameter().ofMethod(0, psiMethod().withName("content").withParameters("java.lang.String").definedInClass("org.springframework.test.web.servlet.request.MockHttpServletRequestBuilder"))]]></place>
    </injection>
    <injection language="JSON" injector-id="java">
      <display-name>Range.message (org.hibernate.validator.constraints)</display-name>
      <place><![CDATA[psiMethod().withName("message").withParameters().definedInClass("org.hibernate.validator.constraints.Range")]]></place>
    </injection>
    <injection language="JSON" injector-id="java">
      <display-name>String.replaceAll (java.lang)</display-name>
      <place><![CDATA[psiParameter().ofMethod(1, psiMethod().withName("replaceAll").withParameters("java.lang.String", "java.lang.String").definedInClass("java.lang.String"))]]></place>
    </injection>
  </component>
</application>