<application>
  <component name="UISettings">
    <option name="EDITOR_TAB_PLACEMENT" value="0" />
    <option name="IDE_AA_TYPE" value="Greyscale" />
    <option name="MAX_LOOKUP_LIST_HEIGHT" value="5" />
    <option name="OVERRIDE_NONIDEA_LAF_FONTS" value="true" />
    <option name="PIN_FIND_IN_PATH_POPUP" value="true" />
    <option name="RECENT_FILES_LIMIT" value="10" />
    <option name="SCROLL_TAB_LAYOUT_IN_EDITOR" value="false" />
    <option name="SHOW_MAIN_TOOLBAR" value="true" />
  </component>
</application>