<application>
  <component name="GetterTemplates">
    <option name="defaultTempalteName" value="myGetter" />
    <option name="templates">
      <list>
        <TemplateResource>
          <option name="fileName" value="myGetter" />
          <option name="template" value="public ##&#10;#if($field.modifierStatic)&#10;static ##&#10;#end&#10;$field.type ##&#10;#set($name = $StringUtil.capitalizeWithJavaBeanConvention($StringUtil.sanitizeJavaIdentifier($helper.getPropertyName($field, $project))))&#10;get${name}() {&#10;return $field.name;&#10;}" />
        </TemplateResource>
      </list>
    </option>
  </component>
</application>