<application>
  <component name="ActionMacroManager">
    <macro name="&lt;noname&gt;">
      <shortuct text="control S" />
      <shortuct text="control F9" />
      <shortuct text="BACK_SPACE" />
      <shortuct text="BACK_SPACE" />
      <shortuct text="BACK_SPACE" />
      <shortuct text="BACK_SPACE" />
      <shortuct text="ESCAPE" />
      <shortuct text="ESCAPE" />
      <shortuct text="ESCAPE" />
    </macro>
    <macro name="make and save">
      <action id="SaveAll" />
      <action id="CompileDirty" />
    </macro>
    <macro name="save_and_compile">
      <action id="SaveAll" />
      <action id="Compile" />
    </macro>
  </component>
</application>