<application>
  <component name="VimSettings">
    <state version="4" enabled="true" />
    <globalmarks />
    <filemarks>
      <file name="$APPLICATION_CONFIG_DIR$/consoles/db/ebc24dd2-18c2-4a16-8a99-2004831008a5/console_2.sql" timestamp="1535159991047">
        <mark key="[" line="0" column="0" />
        <mark key="]" line="0" column="0" />
        <mark key="^" line="0" column="17" />
        <mark key="." line="0" column="0" />
      </file>
      <file name="$APPLICATION_CONFIG_DIR$/consoles/db/3b0a1aea-1e71-4a8e-864c-1cc1f8ee16d8/console_7.sql" timestamp="1539681092757">
        <mark key="'" line="1" column="2" />
        <mark key="[" line="28" column="11" />
        <mark key="]" line="28" column="0" />
        <mark key="." line="28" column="0" />
        <mark key="^" line="28" column="0" />
      </file>
      <file name="$APPLICATION_CONFIG_DIR$/consoles/.datagrid/cell" timestamp="1543911428841">
        <mark key="[" line="0" column="1" />
        <mark key="]" line="0" column="0" />
        <mark key="." line="0" column="0" />
      </file>
      <file name="$APPLICATION_CONFIG_DIR$/consoles/db/e696bb11-c067-4d07-b571-af823ff5de28/console_1.sql" timestamp="1536637795185">
        <mark key="[" line="0" column="0" />
        <mark key="]" line="0" column="40" />
        <mark key="^" line="0" column="40" />
        <mark key="." line="0" column="40" />
      </file>
      <file name="$APPLICATION_CONFIG_DIR$/consoles/db/be1009ba-2373-46ac-b3b9-6c2f52fb3005/console_2.sql" timestamp="1540259303251">
        <mark key="[" line="0" column="28" />
        <mark key="]" line="0" column="28" />
        <mark key="^" line="0" column="29" />
        <mark key="." line="0" column="28" />
      </file>
      <file name="$APPLICATION_CONFIG_DIR$/consoles/db/3b0a1aea-1e71-4a8e-864c-1cc1f8ee16d8/console_3.sql" timestamp="1536290624288">
        <mark key="'" line="9" column="0" />
        <mark key="[" line="5" column="0" />
        <mark key="]" line="5" column="26" />
        <mark key="^" line="9" column="0" />
        <mark key="." line="9" column="0" />
      </file>
      <file name="$APPLICATION_CONFIG_DIR$/consoles/db/7b877f55-9b68-484a-90ed-db141728d610/console_1.sql" timestamp="1537928899152">
        <mark key="[" line="0" column="22" />
        <mark key="]" line="0" column="22" />
        <mark key="^" line="0" column="22" />
        <mark key="." line="0" column="22" />
      </file>
      <file name="$APPLICATION_CONFIG_DIR$/consoles/db/e696bb11-c067-4d07-b571-af823ff5de28/console_7.sql" timestamp="1539759901137">
        <mark key="[" line="27" column="56" />
        <mark key="]" line="27" column="56" />
        <mark key="." line="27" column="56" />
        <mark key="^" line="27" column="56" />
      </file>
      <file name="$APPLICATION_CONFIG_DIR$/consoles/db/e696bb11-c067-4d07-b571-af823ff5de28/console_5.sql" timestamp="1539676063658">
        <mark key="[" line="4" column="0" />
        <mark key="]" line="4" column="0" />
        <mark key="^" line="4" column="28" />
        <mark key="." line="4" column="0" />
      </file>
      <file name="$APPLICATION_CONFIG_DIR$/consoles/db/3b0a1aea-1e71-4a8e-864c-1cc1f8ee16d8/console_1.sql" timestamp="1533522686822">
        <mark key="[" line="0" column="0" />
      </file>
      <file name="/a.sql" timestamp="1540430071331">
        <mark key="[" line="0" column="0" />
      </file>
      <file name="$APPLICATION_CONFIG_DIR$/consoles/db/be1009ba-2373-46ac-b3b9-6c2f52fb3005/console.sql" timestamp="1543914201867">
        <mark key="[" line="12" column="0" />
        <mark key="]" line="12" column="0" />
        <mark key="." line="12" column="0" />
        <mark key="^" line="12" column="335" />
      </file>
      <file name="$APPLICATION_CONFIG_DIR$/consoles/db/be1009ba-2373-46ac-b3b9-6c2f52fb3005/console_3.sql" timestamp="1540794950592">
        <mark key="[" line="4" column="0" />
        <mark key="]" line="4" column="0" />
        <mark key="^" line="6" column="14" />
        <mark key="." line="4" column="0" />
      </file>
      <file name="$APPLICATION_CONFIG_DIR$/consoles/db/e696bb11-c067-4d07-b571-af823ff5de28/console_2.sql" timestamp="1536627733444">
        <mark key="[" line="0" column="0" />
        <mark key="]" line="0" column="252" />
        <mark key="." line="0" column="252" />
        <mark key="^" line="0" column="252" />
      </file>
      <file name="/aws.APP_ACT_CMS_DATA [beijing@test_aws]" timestamp="1536586955868">
        <mark key="[" line="0" column="0" />
      </file>
      <file name="$APPLICATION_CONFIG_DIR$/consoles/db/e696bb11-c067-4d07-b571-af823ff5de28/console_6.sql" timestamp="1539682585849">
        <mark key="[" line="1" column="0" />
        <mark key="]" line="4" column="0" />
        <mark key="^" line="4" column="237" />
        <mark key="." line="4" column="0" />
      </file>
      <file name="$APPLICATION_CONFIG_DIR$/consoles/db/3b0a1aea-1e71-4a8e-864c-1cc1f8ee16d8/console.sql" timestamp="1543818384660">
        <mark key="[" line="0" column="16" />
        <mark key="]" line="0" column="36" />
        <mark key="." line="0" column="36" />
        <mark key="^" line="0" column="36" />
      </file>
      <file name="$APPLICATION_CONFIG_DIR$/consoles/db/3b0a1aea-1e71-4a8e-864c-1cc1f8ee16d8/console_6.sql" timestamp="1537871974380">
        <mark key="[" line="0" column="0" />
        <mark key="]" line="0" column="0" />
        <mark key="^" line="0" column="0" />
        <mark key="." line="0" column="0" />
      </file>
      <file name="$APPLICATION_CONFIG_DIR$/consoles/db/3ff245d8-4210-4c2a-ad8f-0e6cd496f1aa/console_4.sql" timestamp="1536287900126">
        <mark key="[" line="3" column="48" />
        <mark key="]" line="3" column="83" />
        <mark key="^" line="3" column="83" />
        <mark key="." line="3" column="83" />
      </file>
      <file name="/dummy.sql" timestamp="1536586956488">
        <mark key="[" line="0" column="0" />
      </file>
      <file name="$APPLICATION_CONFIG_DIR$/consoles/db/ebc24dd2-18c2-4a16-8a99-2004831008a5/console.sql" timestamp="1536080027851">
        <mark key="[" line="0" column="0" />
        <mark key="]" line="1" column="0" />
        <mark key="." line="1" column="0" />
        <mark key="^" line="1" column="6" />
      </file>
      <file name="$APPLICATION_CONFIG_DIR$/consoles/db/be1009ba-2373-46ac-b3b9-6c2f52fb3005/console_4.sql" timestamp="1540870940078">
        <mark key="[" line="0" column="0" />
        <mark key="]" line="0" column="0" />
        <mark key="^" line="0" column="42" />
        <mark key="." line="0" column="0" />
      </file>
      <file name="/Dummy.txt" timestamp="1543664506075">
        <mark key="[" line="0" column="0" />
      </file>
      <file name="$APPLICATION_CONFIG_DIR$/consoles/db/e696bb11-c067-4d07-b571-af823ff5de28/console_4.sql" timestamp="1538206696080">
        <mark key="[" line="0" column="14" />
        <mark key="]" line="1" column="0" />
        <mark key="." line="1" column="0" />
        <mark key="^" line="1" column="0" />
      </file>
      <file name="$APPLICATION_CONFIG_DIR$/consoles/db/e696bb11-c067-4d07-b571-af823ff5de28/console.sql" timestamp="1543760462077">
        <mark key="[" line="12" column="18" />
        <mark key="]" line="12" column="18" />
        <mark key="." line="12" column="18" />
        <mark key="^" line="12" column="6" />
      </file>
      <file name="$APPLICATION_CONFIG_DIR$/consoles/db/4afa128a-1873-4a11-bb7a-bb51987f5b2e/console.sql" timestamp="1543919554164">
        <mark key="[" line="62" column="69" />
        <mark key="]" line="62" column="71" />
        <mark key="." line="62" column="71" />
        <mark key="^" line="62" column="71" />
      </file>
      <file name="$APPLICATION_CONFIG_DIR$/consoles/db/3b0a1aea-1e71-4a8e-864c-1cc1f8ee16d8/console_9.sql" timestamp="1540360131648">
        <mark key="[" line="0" column="0" />
      </file>
      <file name="$APPLICATION_CONFIG_DIR$/consoles/db/e696bb11-c067-4d07-b571-af823ff5de28/console_3.sql" timestamp="1537862975206">
        <mark key="[" line="0" column="0" />
        <mark key="]" line="0" column="0" />
        <mark key="^" line="0" column="0" />
        <mark key="." line="0" column="0" />
      </file>
      <file name="$APPLICATION_CONFIG_DIR$/consoles/db/a18cb9f7-3ec2-487e-9217-653e5db71321/console.sql" timestamp="1543664856814">
        <mark key="[" line="0" column="13" />
        <mark key="]" line="0" column="14" />
        <mark key="^" line="0" column="14" />
        <mark key="." line="0" column="14" />
      </file>
      <file name="$APPLICATION_CONFIG_DIR$/consoles/db/e696bb11-c067-4d07-b571-af823ff5de28/console_9.sql" timestamp="1540428246766">
        <mark key="[" line="0" column="30" />
        <mark key="]" line="0" column="30" />
        <mark key="^" line="0" column="30" />
        <mark key="." line="0" column="30" />
      </file>
      <file name="$APPLICATION_CONFIG_DIR$/consoles/db/3b0a1aea-1e71-4a8e-864c-1cc1f8ee16d8/console_5.sql" timestamp="1537843277535">
        <mark key="[" line="1" column="7" />
        <mark key="]" line="1" column="16" />
        <mark key="." line="1" column="16" />
        <mark key="^" line="1" column="16" />
      </file>
      <file name="$APPLICATION_CONFIG_DIR$/consoles/db/60519a71-545d-4afe-a3b3-1a1f718d2c85/console.sql" timestamp="1532773277880">
        <mark key="[" line="0" column="0" />
      </file>
      <file name="$APPLICATION_CONFIG_DIR$/consoles/db/3b0a1aea-1e71-4a8e-864c-1cc1f8ee16d8/console_4.sql" timestamp="1536587203725">
        <mark key="[" line="4" column="0" />
        <mark key="]" line="4" column="0" />
        <mark key="." line="4" column="0" />
        <mark key="^" line="4" column="30" />
      </file>
      <file name="$APPLICATION_CONFIG_DIR$/consoles/db/be1009ba-2373-46ac-b3b9-6c2f52fb3005/console_1.sql" timestamp="1539264345048">
        <mark key="[" line="1" column="20" />
        <mark key="]" line="1" column="26" />
        <mark key="^" line="1" column="26" />
        <mark key="." line="1" column="26" />
      </file>
      <file name="$APPLICATION_CONFIG_DIR$/consoles/db/3b0a1aea-1e71-4a8e-864c-1cc1f8ee16d8/console_10.sql" timestamp="1542175057443">
        <mark key="[" line="4" column="34" />
        <mark key="]" line="4" column="34" />
        <mark key="^" line="4" column="34" />
        <mark key="." line="4" column="34" />
      </file>
      <file name="$APPLICATION_CONFIG_DIR$/consoles/db/7b877f55-9b68-484a-90ed-db141728d610/console.sql" timestamp="1537968381568">
        <mark key="'" line="2" column="0" />
        <mark key="[" line="5" column="0" />
        <mark key="]" line="6" column="0" />
        <mark key="." line="6" column="0" />
        <mark key="^" line="6" column="0" />
      </file>
      <file name="$APPLICATION_CONFIG_DIR$/consoles/db/3b0a1aea-1e71-4a8e-864c-1cc1f8ee16d8/console_8.sql" timestamp="1540360123135">
        <mark key="[" line="14" column="0" />
        <mark key="]" line="14" column="0" />
        <mark key="." line="14" column="0" />
        <mark key="^" line="16" column="0" />
      </file>
      <file name="$APPLICATION_CONFIG_DIR$/consoles/db/ebc24dd2-18c2-4a16-8a99-2004831008a5/console_4.sql" timestamp="1536080343211">
        <mark key="[" line="0" column="13" />
        <mark key="]" line="0" column="14" />
        <mark key="^" line="0" column="14" />
        <mark key="." line="0" column="14" />
      </file>
      <file name="$APPLICATION_CONFIG_DIR$/consoles/db/e696bb11-c067-4d07-b571-af823ff5de28/console_8.sql" timestamp="1540361808788">
        <mark key="[" line="2" column="0" />
        <mark key="]" line="2" column="0" />
        <mark key="^" line="2" column="0" />
        <mark key="." line="2" column="0" />
      </file>
    </filemarks>
    <jumps>
      <jump line="9" column="220" filename="$APPLICATION_CONFIG_DIR$/consoles/db/ebc24dd2-18c2-4a16-8a99-2004831008a5/console.sql" />
      <jump line="71" column="0" filename="$APPLICATION_CONFIG_DIR$/consoles/db/ebc24dd2-18c2-4a16-8a99-2004831008a5/console_1.sql" />
      <jump line="18" column="12" filename="$APPLICATION_CONFIG_DIR$/consoles/db/ebc24dd2-18c2-4a16-8a99-2004831008a5/console_1.sql" />
      <jump line="11" column="76" filename="$APPLICATION_CONFIG_DIR$/consoles/db/ebc24dd2-18c2-4a16-8a99-2004831008a5/console_1.sql" />
      <jump line="0" column="0" filename="$APPLICATION_CONFIG_DIR$/consoles/db/ebc24dd2-18c2-4a16-8a99-2004831008a5/console_1.sql" />
      <jump line="0" column="16" filename="$APPLICATION_CONFIG_DIR$/consoles/db/7b877f55-9b68-484a-90ed-db141728d610/console.sql" />
      <jump line="1" column="0" filename="$APPLICATION_CONFIG_DIR$/consoles/db/7b877f55-9b68-484a-90ed-db141728d610/console.sql" />
      <jump line="8" column="40" filename="$APPLICATION_CONFIG_DIR$/consoles/db/3b0a1aea-1e71-4a8e-864c-1cc1f8ee16d8/console.sql" />
      <jump line="12" column="64" filename="$APPLICATION_CONFIG_DIR$/consoles/db/ebc24dd2-18c2-4a16-8a99-2004831008a5/console_3.sql" />
      <jump line="10" column="38" filename="$APPLICATION_CONFIG_DIR$/consoles/db/3b0a1aea-1e71-4a8e-864c-1cc1f8ee16d8/console.sql" />
      <jump line="6" column="0" filename="$APPLICATION_CONFIG_DIR$/consoles/db/ebc24dd2-18c2-4a16-8a99-2004831008a5/console.sql" />
      <jump line="3" column="7" filename="$APPLICATION_CONFIG_DIR$/consoles/db/3ff245d8-4210-4c2a-ad8f-0e6cd496f1aa/console.sql" />
      <jump line="11" column="6" filename="$APPLICATION_CONFIG_DIR$/consoles/db/3b0a1aea-1e71-4a8e-864c-1cc1f8ee16d8/console_3.sql" />
      <jump line="10" column="0" filename="$APPLICATION_CONFIG_DIR$/consoles/db/3b0a1aea-1e71-4a8e-864c-1cc1f8ee16d8/console_3.sql" />
      <jump line="14" column="0" filename="$APPLICATION_CONFIG_DIR$/consoles/db/3b0a1aea-1e71-4a8e-864c-1cc1f8ee16d8/console_3.sql" />
      <jump line="9" column="0" filename="$APPLICATION_CONFIG_DIR$/consoles/db/3b0a1aea-1e71-4a8e-864c-1cc1f8ee16d8/console_3.sql" />
      <jump line="5" column="38" filename="$APPLICATION_CONFIG_DIR$/consoles/db/e696bb11-c067-4d07-b571-af823ff5de28/console.sql" />
      <jump line="15" column="0" filename="$APPLICATION_CONFIG_DIR$/consoles/db/e696bb11-c067-4d07-b571-af823ff5de28/console.sql" />
      <jump line="20" column="24" filename="$APPLICATION_CONFIG_DIR$/consoles/db/e696bb11-c067-4d07-b571-af823ff5de28/console.sql" />
      <jump line="5" column="51" filename="$APPLICATION_CONFIG_DIR$/consoles/db/3b0a1aea-1e71-4a8e-864c-1cc1f8ee16d8/console_4.sql" />
      <jump line="4" column="0" filename="$APPLICATION_CONFIG_DIR$/consoles/db/e696bb11-c067-4d07-b571-af823ff5de28/console_2.sql" />
      <jump line="8" column="30" filename="$APPLICATION_CONFIG_DIR$/consoles/db/e696bb11-c067-4d07-b571-af823ff5de28/console_2.sql" />
      <jump line="7" column="0" filename="$APPLICATION_CONFIG_DIR$/consoles/db/e696bb11-c067-4d07-b571-af823ff5de28/console_1.sql" />
      <jump line="17" column="0" filename="$APPLICATION_CONFIG_DIR$/consoles/db/3b0a1aea-1e71-4a8e-864c-1cc1f8ee16d8/console.sql" />
      <jump line="18" column="0" filename="$APPLICATION_CONFIG_DIR$/consoles/db/3b0a1aea-1e71-4a8e-864c-1cc1f8ee16d8/console.sql" />
      <jump line="15" column="0" filename="$APPLICATION_CONFIG_DIR$/consoles/db/3b0a1aea-1e71-4a8e-864c-1cc1f8ee16d8/console_7.sql" />
      <jump line="17" column="2" filename="$APPLICATION_CONFIG_DIR$/consoles/db/3b0a1aea-1e71-4a8e-864c-1cc1f8ee16d8/console_7.sql" />
      <jump line="2" column="7" filename="$APPLICATION_CONFIG_DIR$/consoles/db/e696bb11-c067-4d07-b571-af823ff5de28/console_8.sql" />
      <jump line="2" column="58" filename="$APPLICATION_CONFIG_DIR$/consoles/db/3b0a1aea-1e71-4a8e-864c-1cc1f8ee16d8/console_10.sql" />
      <jump line="9" column="36" filename="$APPLICATION_CONFIG_DIR$/consoles/db/3b0a1aea-1e71-4a8e-864c-1cc1f8ee16d8/console_10.sql" />
      <jump line="6" column="0" filename="$APPLICATION_CONFIG_DIR$/consoles/db/3b0a1aea-1e71-4a8e-864c-1cc1f8ee16d8/console_10.sql" />
      <jump line="3" column="0" filename="$APPLICATION_CONFIG_DIR$/consoles/db/3b0a1aea-1e71-4a8e-864c-1cc1f8ee16d8/console_10.sql" />
      <jump line="14" column="0" filename="$APPLICATION_CONFIG_DIR$/consoles/db/3b0a1aea-1e71-4a8e-864c-1cc1f8ee16d8/console_10.sql" />
      <jump line="4" column="22" filename="$APPLICATION_CONFIG_DIR$/consoles/db/3b0a1aea-1e71-4a8e-864c-1cc1f8ee16d8/console_10.sql" />
      <jump line="0" column="9" filename="$APPLICATION_CONFIG_DIR$/consoles/db/be1009ba-2373-46ac-b3b9-6c2f52fb3005/console.sql" />
      <jump line="6" column="0" filename="$APPLICATION_CONFIG_DIR$/consoles/db/be1009ba-2373-46ac-b3b9-6c2f52fb3005/console.sql" />
      <jump line="21" column="0" filename="$APPLICATION_CONFIG_DIR$/consoles/db/3b0a1aea-1e71-4a8e-864c-1cc1f8ee16d8/console.sql" />
      <jump line="4" column="62" filename="$APPLICATION_CONFIG_DIR$/consoles/db/3b0a1aea-1e71-4a8e-864c-1cc1f8ee16d8/console.sql" />
      <jump line="6" column="0" filename="$APPLICATION_CONFIG_DIR$/consoles/db/e696bb11-c067-4d07-b571-af823ff5de28/console.sql" />
      <jump line="6" column="0" filename="$APPLICATION_CONFIG_DIR$/consoles/db/3b0a1aea-1e71-4a8e-864c-1cc1f8ee16d8/console.sql" />
      <jump line="11" column="0" filename="$APPLICATION_CONFIG_DIR$/consoles/db/e696bb11-c067-4d07-b571-af823ff5de28/console.sql" />
      <jump line="4" column="0" filename="$APPLICATION_CONFIG_DIR$/consoles/db/e696bb11-c067-4d07-b571-af823ff5de28/console.sql" />
      <jump line="9" column="0" filename="$APPLICATION_CONFIG_DIR$/consoles/db/e696bb11-c067-4d07-b571-af823ff5de28/console.sql" />
      <jump line="30" column="36" filename="$APPLICATION_CONFIG_DIR$/consoles/db/3b0a1aea-1e71-4a8e-864c-1cc1f8ee16d8/console_10.sql" />
      <jump line="27" column="0" filename="$APPLICATION_CONFIG_DIR$/consoles/db/3b0a1aea-1e71-4a8e-864c-1cc1f8ee16d8/console_10.sql" />
      <jump line="28" column="0" filename="$APPLICATION_CONFIG_DIR$/consoles/db/3b0a1aea-1e71-4a8e-864c-1cc1f8ee16d8/console_10.sql" />
      <jump line="7" column="0" filename="$APPLICATION_CONFIG_DIR$/consoles/db/e696bb11-c067-4d07-b571-af823ff5de28/console.sql" />
      <jump line="7" column="0" filename="$APPLICATION_CONFIG_DIR$/consoles/db/3b0a1aea-1e71-4a8e-864c-1cc1f8ee16d8/console_10.sql" />
      <jump line="1" column="20" filename="$APPLICATION_CONFIG_DIR$/consoles/db/a18cb9f7-3ec2-487e-9217-653e5db71321/console.sql" />
      <jump line="22" column="4" filename="$APPLICATION_CONFIG_DIR$/consoles/db/3b0a1aea-1e71-4a8e-864c-1cc1f8ee16d8/console_10.sql" />
      <jump line="12" column="32" filename="$APPLICATION_CONFIG_DIR$/consoles/db/3b0a1aea-1e71-4a8e-864c-1cc1f8ee16d8/console_10.sql" />
      <jump line="29" column="121" filename="$APPLICATION_CONFIG_DIR$/consoles/db/3b0a1aea-1e71-4a8e-864c-1cc1f8ee16d8/console_10.sql" />
      <jump line="212" column="0" filename="$APPLICATION_CONFIG_DIR$/consoles/db/e696bb11-c067-4d07-b571-af823ff5de28/console.sql" />
      <jump line="22" column="17" filename="$APPLICATION_CONFIG_DIR$/consoles/db/3b0a1aea-1e71-4a8e-864c-1cc1f8ee16d8/console.sql" />
      <jump line="35" column="8" filename="$APPLICATION_CONFIG_DIR$/consoles/db/3b0a1aea-1e71-4a8e-864c-1cc1f8ee16d8/console.sql" />
      <jump line="50" column="0" filename="$APPLICATION_CONFIG_DIR$/consoles/db/3b0a1aea-1e71-4a8e-864c-1cc1f8ee16d8/console.sql" />
      <jump line="23" column="0" filename="$APPLICATION_CONFIG_DIR$/consoles/db/3b0a1aea-1e71-4a8e-864c-1cc1f8ee16d8/console.sql" />
      <jump line="7" column="0" filename="$APPLICATION_CONFIG_DIR$/consoles/db/3b0a1aea-1e71-4a8e-864c-1cc1f8ee16d8/console.sql" />
      <jump line="12" column="0" filename="$APPLICATION_CONFIG_DIR$/consoles/db/3b0a1aea-1e71-4a8e-864c-1cc1f8ee16d8/console.sql" />
      <jump line="0" column="0" filename="$APPLICATION_CONFIG_DIR$/consoles/db/3b0a1aea-1e71-4a8e-864c-1cc1f8ee16d8/console.sql" />
      <jump line="24" column="0" filename="$APPLICATION_CONFIG_DIR$/consoles/db/3b0a1aea-1e71-4a8e-864c-1cc1f8ee16d8/console.sql" />
      <jump line="39" column="0" filename="$APPLICATION_CONFIG_DIR$/consoles/db/3b0a1aea-1e71-4a8e-864c-1cc1f8ee16d8/console.sql" />
      <jump line="9" column="0" filename="$APPLICATION_CONFIG_DIR$/consoles/db/3b0a1aea-1e71-4a8e-864c-1cc1f8ee16d8/console.sql" />
      <jump line="13" column="82" filename="$APPLICATION_CONFIG_DIR$/consoles/db/3b0a1aea-1e71-4a8e-864c-1cc1f8ee16d8/console.sql" />
      <jump line="3" column="0" filename="$APPLICATION_CONFIG_DIR$/consoles/db/3b0a1aea-1e71-4a8e-864c-1cc1f8ee16d8/console.sql" />
      <jump line="16" column="103" filename="$APPLICATION_CONFIG_DIR$/consoles/db/3b0a1aea-1e71-4a8e-864c-1cc1f8ee16d8/console.sql" />
      <jump line="8" column="43" filename="$APPLICATION_CONFIG_DIR$/consoles/db/e696bb11-c067-4d07-b571-af823ff5de28/console.sql" />
      <jump line="8" column="0" filename="$APPLICATION_CONFIG_DIR$/consoles/db/4afa128a-1873-4a11-bb7a-bb51987f5b2e/console.sql" />
      <jump line="38" column="10" filename="$APPLICATION_CONFIG_DIR$/consoles/db/4afa128a-1873-4a11-bb7a-bb51987f5b2e/console.sql" />
      <jump line="39" column="0" filename="$APPLICATION_CONFIG_DIR$/consoles/db/4afa128a-1873-4a11-bb7a-bb51987f5b2e/console.sql" />
      <jump line="19" column="6" filename="$APPLICATION_CONFIG_DIR$/consoles/db/4afa128a-1873-4a11-bb7a-bb51987f5b2e/console.sql" />
      <jump line="45" column="0" filename="$APPLICATION_CONFIG_DIR$/consoles/db/4afa128a-1873-4a11-bb7a-bb51987f5b2e/console.sql" />
      <jump line="4" column="0" filename="$APPLICATION_CONFIG_DIR$/consoles/db/4afa128a-1873-4a11-bb7a-bb51987f5b2e/console.sql" />
      <jump line="1" column="0" filename="$APPLICATION_CONFIG_DIR$/consoles/db/4afa128a-1873-4a11-bb7a-bb51987f5b2e/console.sql" />
      <jump line="26" column="21" filename="$APPLICATION_CONFIG_DIR$/consoles/db/4afa128a-1873-4a11-bb7a-bb51987f5b2e/console.sql" />
      <jump line="62" column="40" filename="$APPLICATION_CONFIG_DIR$/consoles/db/4afa128a-1873-4a11-bb7a-bb51987f5b2e/console.sql" />
    </jumps>
    <registers>
      <register name="&quot;" type="4">
        <text>8</text>
      </register>
      <register name="-" type="4">
        <text>8</text>
      </register>
      <register name="/" type="4">
        <text encoding="base64">XDxmcm9tXD4=</text>
      </register>
      <register name="0" type="2">
        <text encoding="base64">ICBmcm9tIFdGQ19UQVNLCiAgd2hlcmUgUFJPQ0VTU0lOU1RJRCBpbiAoc2VsZWN0IEJJTkRJRCBmcm9tIEJPX0VVX01KX1VTRV9NT05FWV9TQVAgd2hlcmUgSVNFTkQgPSAwKQo=</text>
      </register>
      <register name="1" type="2">
        <text encoding="base64">c2VsZWN0ICogZnJvbSBPUkdVU0VSIHdoZXJlICBVU0VSTkFNRSBpbign6LW1576O546yJywn5L2Z56ug5piOJykK</text>
      </register>
      <register name="q" type="4">
        <text />
      </register>
      <register name="2" type="2">
        <text encoding="base64">ICB3aGVyZSBQUk9DRVNTSU5TVElEIGluIChzZWxlY3QgQklORElEIGZyb20gQk9fRVVfTUpfVVNFX01PTkVZX1NBUCB3aGVyZSBJU0VORCA9IDApCg==</text>
      </register>
      <register name="3" type="2">
        <text encoding="base64">ICAgIHNlbGVjdCAqIGZyb20gV0ZDX1RBU0s7Cg==</text>
      </register>
      <register name="4" type="2">
        <text encoding="base64">c2VsZWN0ICogZnJvbSBDQ1NfV0ZDX1BBWV9BUFBMWSB3aGVyZSBCSU5ESUQgaW4oCg==</text>
      </register>
      <register name="5" type="2">
        <text encoding="base64">KQo=</text>
      </register>
      <register name="6" type="2">
        <text encoding="base64">c2VsZWN0ICogZnJvbSBDQ1NfV0ZDX1BBWV9BUFBMWSB3aGVyZSBCSU5ESUQgaW4gKAo=</text>
      </register>
      <register name="7" type="2">
        <text encoding="base64">ICBzZWxlY3QgQklORElEIGZyb20gQ0NTX1dGQ19QQVlfQVBQTFkgZ3JvdXAgYnkgQklORElEIGhhdmluZyBjb3VudChpZCkgPiAxCg==</text>
      </register>
      <register name="8" type="2">
        <text encoding="base64">c2VsZWN0ICogZnJvbSBDQ1NfV0ZDX1BBWV9BUFBMWSB3aGVyZSBCSU5ESUQgaW4gKAo=</text>
      </register>
      <register name="9" type="2">
        <text encoding="base64">c2VsZWN0IEFQUExZUEFZTlVNIGZyb20gQk9fRVVfTUpfVVNFX01PTkVZX1NBUCB3aGVyZSBCSU5ESUQ9JzBkMGI3NTVmLWU5ZTItNDgwZC1iOWZjLWU4MzAxMDdlZDNkOCcgb3JkZXIgYnkgQklORElEIDsK</text>
      </register>
      <register name=":" type="4">
        <text>19</text>
      </register>
    </registers>
    <search>
      <last-search encoding="base64">XDxmcm9tXD4=</last-search>
      <last-offset />
      <last-pattern encoding="base64">XDxmcm9tXD4=</last-pattern>
      <last-dir>1</last-dir>
      <show-last>false</show-last>
    </search>
    <history>
      <history-search>
        <entry encoding="base64">XDxzZWxlY3RcPg==</entry>
        <entry encoding="base64">XDxCT19FVV9FTVBMT1lFRV9QUk9GSUxFXD4=</entry>
        <entry encoding="base64">XDxzdW1cPg==</entry>
        <entry encoding="base64">XDxmcm9tXD4=</entry>
      </history-search>
      <history-cmd>
        <entry>w</entry>
        <entry>19</entry>
      </history-cmd>
      <history-expr />
      <history-input />
    </history>
    <shortcut-conflicts>
      <shortcut-conflict owner="vim">
        <text>ctrl pressed V</text>
      </shortcut-conflict>
      <shortcut-conflict owner="vim">
        <text>ctrl pressed R</text>
      </shortcut-conflict>
      <shortcut-conflict owner="vim">
        <text>ctrl pressed P</text>
      </shortcut-conflict>
      <shortcut-conflict owner="vim">
        <text>ctrl pressed H</text>
      </shortcut-conflict>
      <shortcut-conflict owner="vim">
        <text>ctrl pressed A</text>
      </shortcut-conflict>
    </shortcut-conflicts>
    <editor>
      <key-repeat enabled="true" />
    </editor>
  </component>
</application>