<application>
  <component name="ProjectManager">
    <defaultProject>
      <component name="AutoImportSettings">
        <option name="autoReloadType" value="SELECTIVE" />
      </component>
      <component name="CompilerConfiguration">
        <wildcardResourcePatterns>
          <entry name="!?*.java" />
          <entry name="!?*.form" />
          <entry name="!?*.class" />
          <entry name="!?*.groovy" />
          <entry name="!?*.scala" />
          <entry name="!?*.flex" />
          <entry name="!?*.kt" />
          <entry name="!?*.clj" />
        </wildcardResourcePatterns>
      </component>
      <component name="Encoding" defaultCharsetForPropertiesFiles="UTF-8">
        <file url="PROJECT" charset="UTF-8" />
      </component>
      <component name="GradleLocalSettings">
        <option name="modificationStamps">
          <map>
            <entry key="/Users/workspace/kitt" value="8508771442000" />
            <entry key="$USER_HOME$/Desktop/code/kitt" value="8508054972000" />
            <entry key="$USER_HOME$/Downloads/文档/spring-boot-master/spring-boot-samples/spring-boot-sample-profile" value="1418665266000" />
            <entry key="$USER_HOME$/aegis-all" value="2917398577000" />
            <entry key="$USER_HOME$/aegis-all/aegis-site" value="2917394138000" />
            <entry key="$USER_HOME$/aegis-all/aegis-site-tpl" value="2917391404000" />
            <entry key="$USER_HOME$/workspace/aegis-all" value="2917441198000" />
            <entry key="$USER_HOME$/workspace/aegis-all/aegis-admin" value="4424885907000" />
            <entry key="$USER_HOME$/workspace/aegis-all/aegis-bid" value="1467204145000" />
            <entry key="$USER_HOME$/workspace/aegis-all/aegis-citic-sdk" value="5868783200000" />
            <entry key="$USER_HOME$/workspace/aegis-all/aegis-ext" value="2917393954000" />
            <entry key="$USER_HOME$/workspace/aegis-all/aegis-info" value="2942275484000" />
            <entry key="$USER_HOME$/workspace/aegis-all/aegis-logistics" value="2956966280000" />
            <entry key="$USER_HOME$/workspace/aegis-all/aegis-schedule" value="2927589396000" />
            <entry key="$USER_HOME$/workspace/aegis-all/aegis-service" value="5851355639000" />
            <entry key="$USER_HOME$/workspace/aegis-all/aegis-site" value="11746389619000" />
            <entry key="$USER_HOME$/workspace/aegis-all/aegis-wechat" value="2932083459000" />
            <entry key="$USER_HOME$/workspace/aegis-all/cloudservice-wrapper" value="17611265673000" />
            <entry key="$USER_HOME$/workspace/aegis-all/kitt" value="7341365018000" />
            <entry key="$USER_HOME$/workspace/aegis-all/zrjt-pay" value="2938178471000" />
            <entry key="$USER_HOME$/workspace/boot" value="4254883528000" />
            <entry key="$USER_HOME$/workspace/crm" value="18899750702000" />
            <entry key="$USER_HOME$/workspace/jhipster" value="12963724770000" />
            <entry key="$USER_HOME$/workspace/kitt" value="5840191106000" />
            <entry key="$USER_HOME$/workspace/redis-in-action" value="2957377162000" />
            <entry key="$USER_HOME$/workspace/redis-in-action/java" value="2890143802000" />
            <entry key="$USER_HOME$/workspace/uc-all" value="7252936797000" />
            <entry key="$USER_HOME$/workspace/uc-all/uc-admin" value="4351600163000" />
            <entry key="$USER_HOME$/workspace/uc-all/uc-grpc" value="1450859221000" />
            <entry key="$USER_HOME$/workspace/uc-proto" value="1450075105000" />
            <entry key="$USER_HOME$/workspace/weixin-java-tools" value="8595644442000" />
          </map>
        </option>
        <option name="projectSyncType">
          <map>
            <entry key="$USER_HOME$/workspace/kotlin/spring-kotlin-fullstack" value="PREVIEW" />
            <entry key="$USER_HOME$/workspace/learn/disruptor" value="PREVIEW" />
            <entry key="$USER_HOME$/workspace/learn/learn-jvm" value="PREVIEW" />
            <entry key="$USER_HOME$/workspace/learn/learn-netty" value="PREVIEW" />
          </map>
        </option>
      </component>
      <component name="PersistentConfig">
        <option name="initConfig">
          <map>
            <entry key="initConfig">
              <value>
                <Config>
                  <option name="comment" value="true" />
                  <option name="daoPackage" value="generator" />
                  <option name="daoPostfix" value="Dao" />
                  <option name="modelPackage" value="generator" />
                  <option name="name" value="initConfig" />
                  <option name="overrideJava" value="true" />
                  <option name="overrideXML" value="true" />
                  <option name="projectFolder" value="" />
                  <option name="useLombokPlugin" value="true" />
                  <option name="useSchemaPrefix" value="true" />
                  <option name="xmlPackage" value="generator" />
                </Config>
              </value>
            </entry>
          </map>
        </option>
      </component>
      <component name="ProjectDictionaryState">
        <dictionary name="xiangyang" />
      </component>
      <component name="ProjectInspectionProfilesVisibleTreeState">
        <entry key="Project Default">
          <profile-state>
            <expanded-state>
              <State>
                <id />
              </State>
              <State>
                <id>FreeMarker inspections</id>
              </State>
            </expanded-state>
            <selected-state>
              <State>
                <id>Android</id>
              </State>
            </selected-state>
          </profile-state>
        </entry>
      </component>
      <component name="ProjectLevelVcsManager" settingsEditedManually="true" />
      <component name="ProjectRootManager" version="2" languageLevel="JDK_1_8" project-jdk-name="1.8" project-jdk-type="JavaSDK" />
      <component name="ProjectViewState">
        <option name="autoscrollFromSource" value="true" />
        <option name="autoscrollToSource" value="true" />
        <option name="hideEmptyMiddlePackages" value="true" />
        <option name="showLibraryContents" value="true" />
      </component>
      <component name="PropertiesComponent">
        <property name="GoToClass.includeLibraries" value="false" />
        <property name="GoToClass.toSaveIncludeLibraries" value="false" />
        <property name="GoToFile.includeJavaFiles" value="false" />
        <property name="MemberChooser.copyJavadoc" value="false" />
        <property name="MemberChooser.showClasses" value="true" />
        <property name="MemberChooser.sorted" value="false" />
        <property name="last_opened_file_path" value="$USER_HOME$/workspace" />
        <property name="options.lastSelected" value="configurable.group.build" />
        <property name="options.splitter.details.proportions" value="0.2" />
        <property name="options.splitter.main.proportions" value="0.3" />
        <property name="project.structure.last.edited" value="Libraries" />
        <property name="project.structure.proportion" value="0.15" />
        <property name="project.structure.side.proportion" value="0.2" />
        <property name="settings.editor.selected.configurable" value="preferences.pluginManager" />
      </component>
      <component name="RunManager">
        <configuration default="true" type="Applet">
          <option name="POLICY_FILE" value="$APPLICATION_HOME_DIR$/bin/appletviewer.policy" />
          <method v="2">
            <option name="Make" enabled="true" />
          </method>
        </configuration>
        <configuration default="true" type="Application" factoryName="Application">
          <option name="WORKING_DIRECTORY" value="$PROJECT_DIR$" />
          <method v="2">
            <option name="Make" enabled="true" />
          </method>
        </configuration>
        <configuration default="true" type="JUnit" factoryName="JUnit">
          <option name="WORKING_DIRECTORY" value="$MODULE_DIR$" />
          <method v="2">
            <option name="Make" enabled="true" />
          </method>
        </configuration>
      </component>
      <component name="SbtLocalSettings">
        <option name="modificationStamps">
          <map>
            <entry key="$USER_HOME$/workspace/aegis-all/aegis-cyflow" value="1483670536000" />
            <entry key="$USER_HOME$/workspace/aegis-all/aegis-pg" value="1480325723000" />
            <entry key="$USER_HOME$/workspace/aegis-all/aegis-zflow" value="1483769277000" />
          </map>
        </option>
        <option name="externalProjectsViewState">
          <projects_view />
        </option>
      </component>
      <component name="ScalaSbtSettings">
        <option name="vmParameters" value="-XX:MaxPermSize=384M -Dsbt.override.build.repos=true" />
      </component>
      <component name="SvnConfiguration">
        <configuration>$USER_HOME$/.subversion</configuration>
      </component>
      <component name="ThriftCompiler">
        <compilers />
      </component>
      <component name="VcsManagerConfiguration">
        <option name="myTodoPanelSettings">
          <TodoPanelSettings />
        </option>
        <option name="SHOW_DIRTY_RECURSIVELY" value="true" />
      </component>
      <component name="VssConfiguration">
        <option name="CLIENT_PATH" value="" />
        <option name="SRCSAFEINI_PATH" value="" />
        <option name="USER_NAME" value="" />
        <option name="PWD" value="" />
        <CheckoutOptions>
          <option name="COMMENT" value="" />
          <option name="DO_NOT_GET_LATEST_VERSION" value="false" />
          <option name="REPLACE_WRITABLE" value="false" />
          <option name="RECURSIVE" value="false" />
        </CheckoutOptions>
        <CheckinOptions>
          <option name="COMMENT" value="" />
          <option name="KEEP_CHECKED_OUT" value="false" />
          <option name="RECURSIVE" value="false" />
        </CheckinOptions>
        <AddOptions>
          <option name="STORE_ONLY_LATEST_VERSION" value="false" />
          <option name="CHECK_OUT_IMMEDIATELY" value="false" />
        </AddOptions>
        <UndocheckoutOptions>
          <option name="MAKE_WRITABLE" value="false" />
          <option name="REPLACE_LOCAL_COPY" value="2" />
          <option name="RECURSIVE" value="false" />
        </UndocheckoutOptions>
        <GetOptions>
          <option name="REPLACE_WRITABLE" value="0" />
          <option name="MAKE_WRITABLE" value="false" />
          <option name="ANSWER_NEGATIVELY" value="false" />
          <option name="ANSWER_POSITIVELY" value="false" />
          <option name="RECURSIVE" value="false" />
          <option name="VERSION" />
        </GetOptions>
      </component>
      <component name="masterDetails">
        <states>
          <state key="Copyright.UI">
            <settings>
              <splitter-proportions>
                <option name="proportions">
                  <list>
                    <option value="0.2" />
                  </list>
                </option>
              </splitter-proportions>
            </settings>
          </state>
          <state key="GlobalLibrariesConfigurable.UI">
            <settings>
              <splitter-proportions>
                <option name="proportions">
                  <list>
                    <option value="0.2" />
                  </list>
                </option>
              </splitter-proportions>
            </settings>
          </state>
          <state key="JdkListConfigurable.UI">
            <settings>
              <last-edited>1.8</last-edited>
              <splitter-proportions>
                <option name="proportions">
                  <list>
                    <option value="0.2" />
                  </list>
                </option>
              </splitter-proportions>
            </settings>
          </state>
          <state key="ProjectJDKs.UI">
            <settings>
              <last-edited>1.8</last-edited>
              <splitter-proportions>
                <option name="proportions">
                  <list>
                    <option value="0.2" />
                  </list>
                </option>
              </splitter-proportions>
            </settings>
          </state>
          <state key="ProjectLibrariesConfigurable.UI">
            <settings>
              <splitter-proportions>
                <option name="proportions">
                  <list>
                    <option value="0.2" />
                  </list>
                </option>
              </splitter-proportions>
            </settings>
          </state>
          <state key="ScopeChooserConfigurable.UI">
            <settings>
              <splitter-proportions>
                <option name="proportions">
                  <list>
                    <option value="0.2" />
                  </list>
                </option>
              </splitter-proportions>
            </settings>
          </state>
        </states>
      </component>
    </defaultProject>
  </component>
</application>